{
  "Total" : {
    "transaction" : "Total",
    "sampleCount" : 100,
    "errorCount" : 0,
    "errorPct" : 0.0,
    "meanResTime" : 220.53,
    "medianResTime" : 220.0,
    "minResTime" : 206.0,
    "maxResTime" : 255.0,
    "pct1ResTime" : 230.0,
    "pct2ResTime" : 231.95,
    "pct3ResTime" : 254.87999999999994,
    "throughput" : 48.216007714561236,
    "receivedKBytesPerSec" : 12.234811957569914,
    "sentKBytesPerSec" : 11.858124397299905
  },
  "HTTP Request" : {
    "transaction" : "HTTP Request",
    "sampleCount" : 100,
    "errorCount" : 0,
    "errorPct" : 0.0,
    "meanResTime" : 220.53,
    "medianResTime" : 220.0,
    "minResTime" : 206.0,
    "maxResTime" : 255.0,
    "pct1ResTime" : 230.0,
    "pct2ResTime" : 231.95,
    "pct3ResTime" : 254.87999999999994,
    "throughput" : 48.216007714561236,
    "receivedKBytesPerSec" : 12.234811957569914,
    "sentKBytesPerSec" : 11.858124397299905
  }
}