{
  "Total" : {
    "transaction" : "Total",
    "sampleCount" : 100,
    "errorCount" : 0,
    "errorPct" : 0.0,
    "meanResTime" : 15.250000000000002,
    "medianResTime" : 7.0,
    "minResTime" : 3.0,
    "maxResTime" : 297.0,
    "pct1ResTime" : 11.0,
    "pct2ResTime" : 13.0,
    "pct3ResTime" : 296.86999999999995,
    "throughput" : 114.54753722794959,
    "receivedKBytesPerSec" : 29.06643757159221,
    "sentKBytesPerSec" : 28.171534936998853
  },
  "HTTP Request" : {
    "transaction" : "HTTP Request",
    "sampleCount" : 100,
    "errorCount" : 0,
    "errorPct" : 0.0,
    "meanResTime" : 15.250000000000002,
    "medianResTime" : 7.0,
    "minResTime" : 3.0,
    "maxResTime" : 297.0,
    "pct1ResTime" : 11.0,
    "pct2ResTime" : 13.0,
    "pct3ResTime" : 296.86999999999995,
    "throughput" : 114.54753722794959,
    "receivedKBytesPerSec" : 29.06643757159221,
    "sentKBytesPerSec" : 28.171534936998853
  }
}